date,Hitel,spend_huf,clicks,platform,norm_trend,norm_spend,cpc
2026-06-21,34,3212,101,Meta Ads,0.34,0.34317343173431736,31.801980198019802
2026-06-22,39,3212,104,Meta Ads,0.39,0.34317343173431736,30.884615384615383
2026-06-23,42,3693,123,Meta Ads,0.42,0.39695851503969587,30.024390243902438
2026-06-24,39,3773,123,Meta Ads,0.39,0.4059040590405904,30.67479674796748
2026-06-25,35,4995,158,Meta Ads,0.35,0.5425472436542548,31.61392405063291
2026-06-26,25,4114,120,Meta Ads,0.25,0.4440344403444034,34.28333333333333
2026-06-27,26,3618,107,Meta Ads,0.26,0.3885720675388572,33.81308411214953
2026-06-28,25,957,28,Meta Ads,0.25,0.0910209102091021,34.17857142857143
2026-06-29,35,2966,94,Meta Ads,0.35,0.3156658839315666,31.5531914893617
2026-06-30,25,4320,126,Meta Ads,0.25,0.46706921614670693,34.285714285714285
2026-07-01,35,3958,125,Meta Ads,0.35,0.4265906295426591,31.664
2026-07-02,48,1717,59,Meta Ads,0.48,0.17600357821760035,29.10169491525424
2026-07-03,39,3717,121,Meta Ads,0.39,0.39964217823996423,30.71900826446281
2026-07-04,39,4955,161,Meta Ads,0.39,0.5380744716538074,30.77639751552795
2026-07-05,35,2768,87,Meta Ads,0.35,0.2935256625293526,31.816091954022987
2026-07-06,42,3510,117,Meta Ads,0.42,0.3764955831376496,30.0
2026-07-07,37,1557,50,Meta Ads,0.37,0.15811249021581125,31.14
2026-07-08,37,4705,151,Meta Ads,0.37,0.510119646651012,31.158940397350992
2026-07-09,44,5559,188,Meta Ads,0.44,0.6056133288605613,29.569148936170212
2026-07-10,32,4097,127,Meta Ads,0.32,0.4421335122442134,32.25984251968504
2026-07-11,23,2750,79,Meta Ads,0.23,0.2915129151291513,34.81012658227848
2026-07-12,30,4211,128,Meta Ads,0.3,0.4548809124454881,32.8984375
2026-07-13,39,1870,61,Meta Ads,0.39,0.1931119311193112,30.65573770491803
2026-07-14,31,2509,77,Meta Ads,0.31,0.26456446382645643,32.58441558441559
2026-07-15,37,3129,100,Meta Ads,0.37,0.33389242983338924,31.29
2026-07-16,36,2840,90,Meta Ads,0.36,0.30157665213015766,31.555555555555557
2026-07-17,30,3049,93,Meta Ads,0.3,0.3249468858324947,32.784946236559136
2026-07-18,20,4357,122,Meta Ads,0.2,0.47120653024712067,35.71311475409836
2026-07-19,0,3081,72,Meta Ads,0.0,0.3285251034328525,42.791666666666664
2026-07-20,33,2137,66,Meta Ads,0.33,0.22296768422229676,32.378787878787875
2026-07-21,35,202,6,Meta Ads,0.35,0.006597338700659734,33.666666666666664
2026-07-22,30,3330,101,Meta Ads,0.3,0.3563681091356368,32.97029702970297
2026-07-23,55,2678,97,Meta Ads,0.55,0.2834619255283462,27.608247422680414
2026-07-24,33,2663,83,Meta Ads,0.33,0.28178463602817844,32.08433734939759
2026-07-25,23,6185,178,Meta Ads,0.23,0.6756122106675613,34.747191011235955
2026-07-26,24,2124,61,Meta Ads,0.24,0.22151403332215142,34.81967213114754
2026-07-27,100,1205,56,Meta Ads,1.0,0.1187520966118752,21.517857142857142
2026-07-28,34,4504,141,Meta Ads,0.34,0.4876439673487644,31.94326241134752
2026-07-29,37,9086,292,Meta Ads,0.37,1.0,31.116438356164384
2026-07-30,28,3079,92,Meta Ads,0.28,0.3283014648328301,33.46739130434783
2026-07-31,28,3008,90,Meta Ads,0.28,0.32036229453203624,33.422222222222224
2026-08-01,24,3702,107,Meta Ads,0.24,0.39796488873979646,34.598130841121495
2026-08-02,21,4353,123,Meta Ads,0.21,0.47075925304707594,35.390243902439025
2026-08-03,34,414,13,Meta Ads,0.34,0.030303030303030304,31.846153846153847
2026-08-04,35,1639,51,Meta Ads,0.35,0.16728167281672818,32.13725490196079
2026-08-05,37,2312,74,Meta Ads,0.37,0.2425360617242536,31.243243243243242
2026-08-06,22,3716,106,Meta Ads,0.22,0.39953035893995303,35.056603773584904
2026-08-07,29,3375,102,Meta Ads,0.29,0.36139997763614,33.088235294117645
2026-08-08,25,143,4,Meta Ads,0.25,0.0,35.75
2026-08-09,35,3413,108,Meta Ads,0.35,0.3656491110365649,31.60185185185185
2026-08-10,44,3571,120,Meta Ads,0.44,0.3833165604383317,29.758333333333333
2026-08-11,32,4447,137,Meta Ads,0.32,0.48127026724812705,32.45985401459854
2026-08-12,34,2801,88,Meta Ads,0.34,0.2972156994297216,31.829545454545453
2026-08-13,31,4328,133,Meta Ads,0.31,0.4679637705467964,32.54135338345865
2026-08-14,39,2197,71,Meta Ads,0.39,0.2296768422229677,30.943661971830984
2026-08-15,69,3431,136,Meta Ads,0.69,0.3676618584367662,25.227941176470587
2026-08-16,39,4091,133,Meta Ads,0.39,0.44146259644414626,30.7593984962406
2026-08-17,31,6169,189,Meta Ads,0.31,0.6738231018673823,32.64021164021164
2026-08-18,37,4256,136,Meta Ads,0.37,0.45991278094599125,31.294117647058822
2026-08-19,31,4819,148,Meta Ads,0.31,0.5228670468522867,32.560810810810814
2026-08-20,30,2533,77,Meta Ads,0.3,0.2672481270267248,32.896103896103895
2026-08-21,23,1919,55,Meta Ads,0.23,0.1985910768198591,34.89090909090909
2026-08-22,24,307,8,Meta Ads,0.24,0.018338365201833837,38.375
2026-08-23,30,2164,66,Meta Ads,0.3,0.22598680532259868,32.78787878787879
2026-08-24,38,1783,57,Meta Ads,0.38,0.18338365201833837,31.280701754385966
2026-08-25,35,2005,63,Meta Ads,0.35,0.20820753662082075,31.825396825396826
2026-08-26,31,3765,115,Meta Ads,0.31,0.40500950464050095,32.73913043478261
2026-08-27,39,2625,85,Meta Ads,0.39,0.27753550262775356,30.88235294117647
2026-08-28,30,3415,104,Meta Ads,0.3,0.3658727496365873,32.83653846153846
2026-08-29,24,4423,128,Meta Ads,0.24,0.4785866040478587,34.5546875
2026-08-30,27,3982,118,Meta Ads,0.27,0.42927429274292744,33.74576271186441
2026-08-31,34,1123,35,Meta Ads,0.34,0.1095829140109583,32.08571428571429
2026-09-01,41,3475,115,Meta Ads,0.41,0.3725819076372582,30.217391304347824
2026-09-02,38,2132,69,Meta Ads,0.38,0.22240858772224087,30.89855072463768
2026-09-03,45,4576,155,Meta Ads,0.45,0.4956949569495695,29.52258064516129
2026-09-04,52,2239,79,Meta Ads,0.52,0.23437325282343732,28.341772151898734
2026-09-05,31,4614,142,Meta Ads,0.31,0.49994409034999443,32.49295774647887
2026-09-06,21,4794,136,Meta Ads,0.21,0.5200715643520072,35.25
2026-09-07,33,2714,84,Meta Ads,0.33,0.28748742032874874,32.30952380952381
2026-09-08,33,2009,62,Meta Ads,0.33,0.20865481382086548,32.403225806451616
2026-09-09,31,2379,73,Meta Ads,0.31,0.2500279548250028,32.58904109589041
2026-09-10,31,4173,128,Meta Ads,0.31,0.4506317790450632,32.6015625
2026-09-11,28,2173,65,Meta Ads,0.28,0.2269931790226993,33.43076923076923
2026-09-12,23,2214,63,Meta Ads,0.23,0.23157777032315777,35.142857142857146
2026-09-13,28,3835,115,Meta Ads,0.28,0.4128368556412837,33.34782608695652
2026-09-14,34,2309,72,Meta Ads,0.34,0.24220060382422007,32.06944444444444
2026-09-15,33,2264,70,Meta Ads,0.33,0.23716873532371688,32.34285714285714
2026-09-16,33,4217,131,Meta Ads,0.33,0.4555518282455552,32.19083969465649
2026-09-17,30,3827,116,Meta Ads,0.3,0.41194230124119424,32.991379310344826
2026-09-18,34,2243,70,Meta Ads,0.34,0.23482053002348205,32.042857142857144
2026-09-19,27,2993,89,Meta Ads,0.27,0.3186850050318685,33.62921348314607
2026-09-20,24,2898,84,Meta Ads,0.24,0.30806217153080623,34.5
2026-09-21,0,4011,94,Meta Ads,0.0,0.4325170524432517,42.670212765957444
